id,appearances,team,goals,from,to
WC-2026-001,12,Tigrillos Coapa[4][5],0,2003,None
WC-2026-001,239,América,0,2004,2011
WC-2026-001,1,→San Luis(loan),0,2004,None
WC-2026-001,112,Ajaccio,0,2011,2014
WC-2026-001,11,Málaga,0,2014,2017
WC-2026-001,38,→Granada(loan),0,2016,2017
WC-2026-001,78,Standard Liège,0,2017,2019
WC-2026-001,118,América,0,2019,2022
WC-2026-001,41,Salernitana,0,2022,2024
WC-2026-001,23,AVS,0,2024,2025
WC-2026-001,22,AEL Limassol,0,2025,None
WC-2026-002,82,Pumas,11,2014,2018
WC-2026-002,212,Monterrey,21,2018,2024
WC-2026-002,42,Toluca,9,2024,None
WC-2026-003,25,Sonora,0,2017,2018
WC-2026-003,11,→Monterrey(loan),1,2018,2019
WC-2026-003,2,Monterrey,0,2019,2020
WC-2026-003,10,→Pumas UNAM(loan),1,2020,None
WC-2026-003,39,Pumas UNAM,1,2020,2022
WC-2026-003,28,→Genoa(loan),1,2021,2022
WC-2026-003,109,Genoa,5,2022,None
WC-2026-003,25,→Cremonese(loan),1,2022,2023
WC-2026-004,216,Monterrey,9,2015,2022
WC-2026-004,20,Espanyol,3,2023,None
WC-2026-004,22,Almería,0,2023,2024
WC-2026-004,42,Lokomotiv Moscow,4,2024,None
WC-2026-005,1,Atlas,0,2019,2021
WC-2026-005,19,→Puebla(loan),0,2020,2021
WC-2026-005,57,Puebla,6,2021,2022
WC-2026-005,120,América,3,2023,None
WC-2026-006,0,Necaxa,0,2019,None
WC-2026-006,57,Pumas,0,2020,2021
WC-2026-006,167,Cruz Azul,1,2022,None
WC-2026-007,89,Real Madrid B,15,2016,2020
WC-2026-007,31,→Rayo Majadahonda(loan),0,2016,2017
WC-2026-007,0,Real Madrid,0,2018,None
WC-2026-007,22,Castellón,0,2020,2021
WC-2026-007,12,→América(loan),0,2021,None
WC-2026-007,183,América,20,2021,2026
WC-2026-007,9,Betis,1,2026,None
WC-2026-008,152,Chicago Fire,20,2020,2025
WC-2026-008,12,Guadalajara,2,2025,None
WC-2026-009,88,Cruz Azul,20,2017,2022
WC-2026-009,73,Feyenoord,45,2022,2025
WC-2026-009,30,AC Milan,5,2025,None
WC-2026-010,96,América,36,2011,2014
WC-2026-010,21,Atlético Madrid,1,2014,2015
WC-2026-010,80,Benfica,18,2015,2019
WC-2026-010,38,→Wolverhampton Wanderers(loan),13,2018,2019
WC-2026-010,97,Wolverhampton Wanderers,27,2019,2023
WC-2026-010,98,Fulham,28,2023,2026
WC-2026-010,0,Wolverhampton Wanderers,0,2026,None
WC-2026-011,50,Celaya,8,2013,2016
WC-2026-011,9,Pachuca,1,2017,None
WC-2026-011,26,Necaxa,2,2017,2018
WC-2026-011,120,Cruz Azul,16,2018,2021
WC-2026-011,142,Guadalajara,31,2022,None
WC-2026-012,278,SuperSport United,0,2010,2022
WC-2026-012,78,Mamelodi Sundowns,0,2022,None
WC-2026-013,26,Mpumalanga Black Aces,0,2014,2016
WC-2026-013,1,Cape Town City,0,2016,None
WC-2026-013,98,SuperSport United,19,2016,2020
WC-2026-013,108,Mamelodi Sundowns,6,2020,None
WC-2026-015,99,Lamontville Golden Arrows,3,2015,2022
WC-2026-015,91,Orlando Pirates,3,2022,None
WC-2026-016,37,TS Galaxy,0,2024,2025
WC-2026-016,0,Mamelodi Sundowns,0,2026,None
WC-2026-017,127,SuperSport United,15,2016,2022
WC-2026-017,81,Mamelodi Sundowns,7,2022,None
WC-2026-018,71,B-SAD,0,2019,2023
WC-2026-018,48,Tondela,3,2023,None
WC-2026-018,2,→Gil Vicente(loan),0,2024,2025
WC-2026-019,300,Mamelodi Sundowns,68,2011,None
WC-2026-019,27,→Mpumalanga Black Aces(loan),6,2013,2014
WC-2026-020,120,Orlando Pirates,29,2023,None
WC-2026-021,6,SuperSport United,1,2019,2022
WC-2026-021,15,→University of Pretoria(loan),4,2021,None
WC-2026-021,32,Pretoria Callies,8,2022,2023
WC-2026-021,68,Polokwane City FC,13,2023,2025
WC-2026-021,43,Orlando Pirates,12,2025,None
WC-2026-022,11,Orlando Pirates,1,2017,2019
WC-2026-022,8,Monaco II,3,2019,None
WC-2026-022,2,Monaco,0,2019,2020
WC-2026-022,18,→Cercle Brugge(loan),1,2019,2020
WC-2026-022,5,Vitória de Guimarães,0,2020,2022
WC-2026-022,4,Vitória de Guimarães B,0,2021,None
WC-2026-022,23,→Westerlo(loan),4,2021,2022
WC-2026-022,21,Westerlo,8,2022,2023
WC-2026-022,89,Burnley,11,2023,None
WC-2026-023,63,Tapatío,0,2020,2023
WC-2026-023,81,Guadalajara,0,2023,None
WC-2026-024,59,Tigres UANL,8,2016,2021
WC-2026-024,14,→Venados(loan),3,2016,None
WC-2026-024,28,→Lobos BUAP(loan),17,2017,2018
WC-2026-024,23,→Atlas(loan)[3],5,2021,None
WC-2026-024,55,Atlas,27,2022,2023
WC-2026-024,41,América,18,2023,2024
WC-2026-024,59,Al-Qadsiah,53,2024,None
WC-2026-025,57,Santos,5,2014,2017
WC-2026-025,76,Stellenbosch,35,2017,2020
WC-2026-025,51,SuperSport United,6,2020,2023
WC-2026-025,38,Stellenbosch,24,2023,2024
WC-2026-025,37,Mamelodi Sundowns,24,2024,None
WC-2026-026,109,Stellenbosch,7,2020,2025
WC-2026-026,27,Mamelodi Sundowns,4,2025,None
WC-2026-027,23,Orlando Pirates,2,2025,None
WC-2026-027,12,Chicago Fire,0,2026,None
WC-2026-028,43,SuperSport United,1,2023,2025
WC-2026-028,25,Hannover 96,2,2025,None
WC-2026-029,110,Ulsan Hyundai,0,2008,2015
WC-2026-029,107,Vissel Kobe,0,2016,2019
WC-2026-029,16,Ulsan Hyundai,0,2019,None
WC-2026-029,72,Kashiwa Reysol,0,2020,2022
WC-2026-029,57,Al-Shabab,0,2022,2025
WC-2026-029,14,FC Tokyo,0,2025,None
WC-2026-030,51,FC Seoul,1,2021,2023
WC-2026-030,43,Midtjylland,1,2023,None
WC-2026-031,17,Gyeongju KHNP,0,2016,None
WC-2026-031,52,Jeonbuk Hyundai Motors,3,2017,2018
WC-2026-031,45,Beijing Guoan,0,2019,2021
WC-2026-031,31,Fenerbahçe,1,2021,2022
WC-2026-031,35,Napoli,2,2022,2023
WC-2026-031,77,Bayern Munich,4,2023,None
WC-2026-032,35,Suwon FC,0,2021,2022
WC-2026-032,19,Jeju United,0,2023,None
WC-2026-032,80,Gangwon FC,0,2024,None
WC-2026-033,120,Ulsan HD,5,2020,2024
WC-2026-033,61,Red Star Belgrade,8,2024,None
WC-2026-034,88,Daejeon Citizen,15,2015,2018
WC-2026-034,18,→Asan Mugunghwa(draft),1,2018,None
WC-2026-034,40,Vancouver Whitecaps,3,2019,2020
WC-2026-034,35,Rubin Kazan,5,2020,2022
WC-2026-034,9,→Seoul(loan),0,2022,None
WC-2026-034,32,Olympiacos,3,2022,2023
WC-2026-034,32,Red Star Belgrade,5,2023,2024
WC-2026-034,38,Feyenoord,4,2024,None
WC-2026-035,2,Barcelona B,0,2016,2017
WC-2026-035,55,Peralada,2,2017,2019
WC-2026-035,3,Girona,0,2019,None
WC-2026-035,41,Darmstadt 98,2,2019,2021
WC-2026-035,82,Jeonbuk Hyundai Motors,9,2021,2023
WC-2026-035,102,Birmingham City,6,2024,None
WC-2026-036,89,FC Seoul,0,2021,2024
WC-2026-036,34,Pohang Steelers,2,2024,2025
WC-2026-036,30,Austria Wien,3,2025,None
WC-2026-037,26,Valencia B,4,2017,2019
WC-2026-037,44,Valencia,2,2018,2021
WC-2026-037,66,Mallorca,7,2021,2023
WC-2026-037,80,Paris Saint-Germain,12,2023,None
WC-2026-038,6,Hamburger SV II,1,2010,None
WC-2026-038,73,Hamburger SV,20,2010,2013
WC-2026-038,62,Bayer Leverkusen,21,2013,2015
WC-2026-038,333,Tottenham Hotspur,127,2015,2025
WC-2026-038,23,Los Angeles FC,9,2025,None
WC-2026-039,137,Jeonbuk Hyundai Motors,26,2014,2018
WC-2026-039,93,Holstein Kiel,19,2018,2021
WC-2026-039,151,Mainz 05,28,2021,None
WC-2026-040,115,Viktoria Plzeň,36,2017,2025
WC-2026-040,16,→Vysočina Jihlava(loan),3,2019,None
WC-2026-040,15,→Opava(loan),0,2019,None
WC-2026-040,15,→České Budějovice(loan),3,2020,None
WC-2026-040,32,→Jablonec(loan),5,2022,2023
WC-2026-040,27,Lyon,11,2025,None
WC-2026-041,4,Sparta Prague,0,2014,2016
WC-2026-041,27,→Bohemians 1905(loan),8,2015,2016
WC-2026-041,32,Sampdoria,11,2016,2017
WC-2026-041,46,Roma,5,2017,2020
WC-2026-041,22,→RB Leipzig(loan),10,2019,2020
WC-2026-041,149,Bayer Leverkusen,80,2020,None
WC-2026-042,0,Viktoria Plzeň,0,2016,2019
WC-2026-042,40,→Baník Sokolov(loan),2,2016,2018
WC-2026-042,20,→České Budějovice(loan),4,2019,None
WC-2026-042,6,→Slavia Prague(loan),1,2019,None
WC-2026-042,162,Slavia Prague,23,2020,None
WC-2026-044,17,Viktoria Plzeň,0,2021,2025
WC-2026-044,None,→Táborsko(loan),None,2023,2024
WC-2026-044,18,Hradec Králové,1,2025,2026
WC-2026-044,15,Viktoria Plzeň,2,2026,None
WC-2026-045,114,Slavia Prague,31,2014,2020
WC-2026-045,14,→Viktoria Žižkov(loan),0,2015,None
WC-2026-045,12,→Slovan Liberec(loan),0,2017,None
WC-2026-045,13,→West Ham United(loan),3,2020,None
WC-2026-045,216,West Ham United,38,2020,None
WC-2026-046,None,Bílovec,None,2009,2010
WC-2026-046,14,Hlučín,0,2010,2012
WC-2026-046,13,→Opava(loan),1,2012,None
WC-2026-046,118,Slovan Liberec,3,2012,2018
WC-2026-046,65,Slavia Prague,6,2018,2020
WC-2026-046,147,West Ham United,0,2020,2025
WC-2026-046,34,TSG Hoffenheim,1,2025,None
WC-2026-047,47,Zbrojovka Brno,4,2016,2019
WC-2026-047,109,Sparta Prague,34,2019,2024
WC-2026-047,30,Girona,2,2024,None
WC-2026-047,28,→Wolverhampton Wanderers(loan),2,2025,None
WC-2026-048,38,Viktoria Plzeň,3,2018,2024
WC-2026-048,16,→Viktoria Plzeň B,2,2018,2021
WC-2026-048,18,→Liptovský Mikuláš(loan),1,2021,None
WC-2026-048,39,→Pardubice(loan),2,2022,2023
WC-2026-048,33,TSG Hoffenheim,1,2024,None
WC-2026-049,59,Teplice,3,2022,2024
WC-2026-049,44,Slavia Prague,8,2024,None
WC-2026-049,6,Slavia Prague B,0,2024,2025
WC-2026-050,0,Manchester United,0,2020,2023
WC-2026-050,18,→Swindon Town(loan),0,2020,2021
WC-2026-050,6,→Burton Albion(loan),0,2022,None
WC-2026-050,28,→Sparta Prague(loan),0,2022,2023
WC-2026-050,6,Bayer Leverkusen,0,2023,2026
WC-2026-050,18,→PSV(loan),0,2025,2026
WC-2026-050,13,PSV,0,2026,None
WC-2026-051,3,Montreal Impact,0,2013,2018
WC-2026-051,30,→FC Montreal(loan),0,2015,2016
WC-2026-051,31,→Ottawa Fury(loan),0,2018,None
WC-2026-051,57,Vancouver Whitecaps,0,2019,2022
WC-2026-051,40,Los Angeles FC,0,2022,2023
WC-2026-051,5,→Los Angeles FC 2(loan),0,2023,None
WC-2026-051,35,Portland Timbers,0,2024,2025
WC-2026-051,14,Orlando City,0,2026,None
WC-2026-052,15,Vaughan Azzurri,1,2015,2020
WC-2026-052,44,Nashville SC,1,2020,2021
WC-2026-052,33,CF Montréal,4,2022,None
WC-2026-052,85,Celtic,6,2023,None
WC-2026-053,0,Fulham,0,2023,None
WC-2026-053,27,→Dender EH(loan),0,2025,None
WC-2026-054,1,VfB Lübeck,0,2016,None
WC-2026-054,17,VfR Neumünster,2,2016,None
WC-2026-054,28,Javor Ivanjica,0,2017,2018
WC-2026-054,35,Vancouver Whitecaps FC,1,2019,2022
WC-2026-054,42,→Panetolikos(loan),2,2021,2022
WC-2026-054,37,Malmö,5,2023,2024
WC-2026-054,23,Marseille,0,2024,None
WC-2026-054,7,→Rangers(loan),1,2025,None
WC-2026-055,9,Sigma FC,5,2015,None
WC-2026-055,21,Orlando City,0,2016,2018
WC-2026-055,35,→Orlando City B(loan),3,2016,2017
WC-2026-055,67,Toronto FC,8,2019,2021
WC-2026-055,5,Nottingham Forest,0,2022,2024
WC-2026-055,28,→Toronto FC(loan),2,2022,2023
WC-2026-055,12,→Vancouver Whitecaps FC(loan),1,2023,None
WC-2026-055,38,Toronto FC,4,2024,None
WC-2026-056,7,Sigma FC,2,2018,None
WC-2026-056,50,New England Revolution,8,2019,2021
WC-2026-056,50,Club Brugge,4,2021,2024
WC-2026-056,10,→New England Revolution(loan),2,2021,None
WC-2026-056,16,Inter Milan,1,2024,2025
WC-2026-056,13,→Villarreal(loan),1,2025,None
WC-2026-056,34,Villarreal,7,2025,None
WC-2026-057,17,Nazarenos,1,2013,2014
WC-2026-057,56,Torreense,0,2015,2017
WC-2026-057,20,Leixões,0,2017,2018
WC-2026-057,29,Chaves,1,2018,2019
WC-2026-057,1,Cruz Azul,0,2019,2021
WC-2026-057,31,→Paços Ferreira(loan),2,2020,2021
WC-2026-057,34,Paços Ferreira,0,2021,2022
WC-2026-057,8,→Porto(loan),0,2022,None
WC-2026-057,95,Porto,4,2022,None
WC-2026-057,10,→Los Angeles(loan),1,2026,None
WC-2026-058,26,CF Montréal,2,2021,2022
WC-2026-058,58,Watford,4,2022,2024
WC-2026-058,8,Marseille,0,2024,2026
WC-2026-058,13,→Rennes(loan),2,2025,None
WC-2026-058,20,→Sassuolo(loan),4,2025,2026
WC-2026-058,15,Sassuolo,2,2026,None
WC-2026-059,0,Liverpool,0,2019,2021
WC-2026-059,33,→Kilmarnock(loan),2,2019,2020
WC-2026-059,27,→Charlton Athletic(loan),2,2021,None
WC-2026-059,61,Basel,7,2021,2024
WC-2026-059,35,→Preston North End(loan),5,2023,2024
WC-2026-059,44,Hull City,4,2024,None
WC-2026-060,60,Gent,30,2018,2020
WC-2026-060,178,Lille,87,2020,2025
WC-2026-060,35,Juventus,6,2025,None
WC-2026-061,5,Sigma,4,2014,None
WC-2026-061,87,Orlando City,43,2015,2018
WC-2026-061,83,Beşiktaş,31,2018,2022
WC-2026-061,29,→Zulte Waregem(loan),7,2019,2020
WC-2026-061,9,Club Brugge,1,2022,2023
WC-2026-061,19,→Valladolid(loan),8,2023,None
WC-2026-061,0,Valladolid,0,2023,None
WC-2026-061,67,Mallorca,10,2023,2026
WC-2026-061,8,→Feyenoord(loan),0,2025,2026
WC-2026-061,16,→Southampton(loan),8,2026,None
WC-2026-061,0,Southampton,0,2026,None
WC-2026-062,17,Zrinjski Mostar,0,2013,2017
WC-2026-062,24,→Igman Konjic(loan),0,2014,2015
WC-2026-062,13,→Branitelj(loan),0,2015,2016
WC-2026-062,42,1. FC Nürnberg II,0,2017,2019
WC-2026-062,20,Zorya Luhansk,0,2019,2021
WC-2026-062,162,FC St. Pauli,0,2021,2026
WC-2026-063,10,Wolfsberger AC II,0,2020,None
WC-2026-063,5,Wolfsberger AC,0,2021,None
WC-2026-063,47,Juventus Next Gen,2,2021,2025
WC-2026-063,28,→Sassuolo(loan),1,2024,2025
WC-2026-063,32,Sassuolo,2,2025,None
WC-2026-064,None,HNK Stolac,None,2013,2014
WC-2026-064,29,Neretvanac Opuzen,2,2014,2015
WC-2026-064,65,Slaven Belupo,1,2015,2018
WC-2026-064,37,Rangers,3,2018,2022
WC-2026-064,21,→Hajduk Split(loan),0,2021,2022
WC-2026-064,74,Zürich,7,2022,2025
WC-2026-064,15,→Plymouth Argyle(loan),1,2025,None
WC-2026-064,26,Schalke 04,1,2025,None
WC-2026-065,8,Schalke 04 II,2,2012,2015
WC-2026-065,94,Schalke 04,4,2012,2017
WC-2026-065,80,Arsenal,2,2017,2022
WC-2026-065,17,→Schalke 04(loan),1,2021,None
WC-2026-065,47,Marseille,4,2022,2023
WC-2026-065,72,Atalanta,1,2023,None
WC-2026-066,60,Red Bull Salzburg,4,2019,2025
WC-2026-066,50,Liefering,2,2019,2021
WC-2026-066,32,→Wolfsberger AC(loan),2,2021,2022
WC-2026-066,10,→Marseille(loan),0,2025,None
WC-2026-066,24,Benfica,1,2025,None
WC-2026-067,1,Dinamo Zagreb,0,2014,2015
WC-2026-067,30,Dinamo Zagreb II,1,2015,2016
WC-2026-067,62,Lokomotiva,7,2016,2018
WC-2026-067,24,Dinamo Zagreb,0,2018,2019
WC-2026-067,11,→Lokomotiva(loan),3,2018,None
WC-2026-067,160,Birmingham City,7,2019,2024
WC-2026-067,18,→Hertha BSC(loan),0,2022,2023
WC-2026-067,61,Pafos,8,2024,None
WC-2026-068,36,Željezničar,3,2014,2016
WC-2026-068,169,Konyaspor,12,2016,2023
WC-2026-068,41,Beşiktaş,1,2023,None
WC-2026-068,21,→Rizespor(loan),1,2024,2025
WC-2026-068,37,→Hull City(loan),0,2025,None
WC-2026-069,42,Zrinjski Mostar,7,2020,2022
WC-2026-069,71,Orenburg,4,2022,2025
WC-2026-069,21,Astana,1,2025,None
WC-2026-070,36,New England Revolution II,7,2021,2023
WC-2026-070,45,New England Revolution,3,2022,2025
WC-2026-070,32,PSV,4,2025,None
WC-2026-071,28,Red Bull Salzburg,9,2025,2026
WC-2026-072,1,RB Leipzig II,1,2017,None
WC-2026-072,3,Alavés,1,2017,2020
WC-2026-072,16,→Sochaux(loan),4,2018,2019
WC-2026-072,13,→Almería(loan),0,2019,None
WC-2026-072,28,→St. Gallen(loan),14,2019,2020
WC-2026-072,61,SC Freiburg,7,2020,2022
WC-2026-072,63,FC Augsburg,23,2022,2024
WC-2026-072,59,VfB Stuttgart,27,2024,None
WC-2026-073,2,Manhattan SC,1,2021,None
WC-2026-073,None,NY Pancyprian-Freedoms,None,2021,None
WC-2026-073,51,Minnesota United,18,2022,2025
WC-2026-073,13,→Minnesota United 2(loan),3,2022,2023
WC-2026-073,25,→San Antonio FC(loan),17,2023,None
WC-2026-073,27,Villarreal,2,2025,None
WC-2026-074,43,Sloga Doboj,13,2016,2018
WC-2026-074,36,Krupa,12,2018,2020
WC-2026-074,14,→Zvijezda Gradačac(loan),5,2019,None
WC-2026-074,108,Borac Banja Luka,32,2020,2024
WC-2026-074,27,Universitatea Craiova,2,2024,2025
WC-2026-074,32,Universitatea Cluj,18,2025,None
WC-2026-075,27,Radnik Hadžići,5,2020,2021
WC-2026-075,32,Bravo,1,2021,2022
WC-2026-075,75,Karviná,16,2022,2024
WC-2026-075,45,Viktoria Plzeň,6,2025,None
WC-2026-076,27,Vasalunds IF,0,2020,2021
WC-2026-076,11,Roma,0,2021,2023
WC-2026-076,27,Ajax,2,2023,2025
WC-2026-076,40,Brøndby,1,2025,None
WC-2026-077,0,Bethlehem Steel,0,2017,None
WC-2026-077,13,Philadelphia Union,0,2019,2022
WC-2026-077,31,Philadelphia Union II,0,2019,2022
WC-2026-077,90,New York City FC,0,2023,None
WC-2026-078,32,Orlando City,6,2022,2026
WC-2026-078,70,→Orlando City B(loan),12,2022,2024
WC-2026-078,9,Villarreal,0,2026,None
WC-2026-079,6,FC Boston,0,2016,None
WC-2026-079,123,Atlanta United,3,2017,2023
WC-2026-079,6,→Charleston Battery(loan),1,2017,None
WC-2026-079,14,→Atlanta United 2(loan),1,2018,None
WC-2026-079,60,FC Cincinnati,2,2024,None
WC-2026-080,19,Chicago Fire Premier,0,2008,2009
WC-2026-080,58,New York Red Bulls,1,2010,2011
WC-2026-080,114,Bolton Wanderers,0,2012,2015
WC-2026-080,281,Fulham,5,2015,2024
WC-2026-080,47,Charlotte,1,2024,None
WC-2026-081,0,Everton,0,2015,2019
WC-2026-081,30,→Bolton Wanderers(loan),0,2017,2018
WC-2026-081,26,→Wigan Athletic(loan),0,2018,2019
WC-2026-081,38,Wigan Athletic,1,2019,2020
WC-2026-081,194,Fulham,3,2020,None
WC-2026-082,18,Jong Ajax,1,2018,2020
WC-2026-082,23,Ajax,0,2019,2020
WC-2026-082,51,Barcelona,2,2020,2024
WC-2026-082,8,→AC Milan(loan),0,2022,2023
WC-2026-082,25,→PSV(loan),2,2023,2024
WC-2026-082,34,PSV,1,2024,None
WC-2026-083,31,New York Red Bulls II,0,2015,2016
WC-2026-083,59,New York Red Bulls,2,2016,2019
WC-2026-083,75,RB Leipzig,1,2019,2022
WC-2026-083,24,Leeds United,0,2022,2023
WC-2026-083,56,Bournemouth,2,2023,None
WC-2026-084,75,Schalke 04,4,2017,2021
WC-2026-084,21,→Juventus(loan),4,2020,2021
WC-2026-084,151,Juventus,12,2021,None
WC-2026-084,19,→Leeds United(loan),0,2023,None
WC-2026-085,25,Bayern Munich II,9,2020,2022
WC-2026-085,4,Bayern Munich,0,2021,2024
WC-2026-085,28,→Rangers(loan),10,2022,2023
WC-2026-085,1,→Jong PSV(loan),0,2023,None
WC-2026-085,28,→PSV(loan),9,2023,2024
WC-2026-085,26,PSV,12,2024,2025
WC-2026-085,29,Bayer Leverkusen,6,2025,None
WC-2026-086,90,Borussia Dortmund,13,2016,2019
WC-2026-086,98,Chelsea,20,2019,2023
WC-2026-086,100,AC Milan,31,2023,None
WC-2026-087,2,Arsenal,0,2020,2023
WC-2026-087,18,→Middlesbrough(loan),3,2022,None
WC-2026-087,37,→Reims(loan),21,2022,2023
WC-2026-087,72,Monaco,24,2023,None
WC-2026-088,122,Cerro Porteño,0,2007,2014
WC-2026-088,0,→Estudiantes(loan),0,2009,2010
WC-2026-088,15,→Racing Club(loan),0,2010,2011
WC-2026-088,13,→Utrecht(loan),0,2011,2012
WC-2026-088,39,Vitória,0,2014,2015
WC-2026-088,28,Figueirense,0,2016,None
WC-2026-088,114,Botafogo,0,2017,2024
WC-2026-088,14,Cerro Porteño,0,2025,None
WC-2026-089,39,Racing Club,1,2020,2025
WC-2026-089,58,→Lanús(loan),1,2023,2025
WC-2026-089,3,Lanús,0,2025,None
WC-2026-089,34,Dynamo Moscow,1,2025,None
WC-2026-090,47,Libertad,5,2011,2014
WC-2026-090,58,Lanús,0,2014,2016
WC-2026-090,18,AC Milan,0,2016,2019
WC-2026-090,20,→Palmeiras(loan),4,2018,2019
WC-2026-090,264,Palmeiras,23,2019,None
WC-2026-091,17,Cerro Porteño,1,2016,2018
WC-2026-091,22,→Gimnasia y Esgrima(loan),1,2017,2018
WC-2026-091,8,Huracán,1,2018,2019
WC-2026-091,31,Basel,2,2019,2020
WC-2026-091,17,Hertha BSC,0,2020,2023
WC-2026-091,29,→Valencia(loan),2,2021,2022
WC-2026-091,25,→Getafe(loan),1,2022,2023
WC-2026-091,65,Getafe,1,2023,2025
WC-2026-091,33,Sunderland,1,2025,None
WC-2026-092,136,Cerro Porteño,11,2013,2016
WC-2026-092,46,Lille,2,2017,2020
WC-2026-092,9,→Celta(loan),0,2018,None
WC-2026-092,21,→Boca Juniors(loan),0,2019,2020
WC-2026-092,69,Atlético Mineiro,2,2020,2021
WC-2026-092,41,Krasnodar,1,2022,2024
WC-2026-092,32,→Atlético Mineiro(loan),0,2022,None
WC-2026-092,68,Atlético Mineiro,2,2024,None
WC-2026-093,40,Libertad,5,2022,2023
WC-2026-093,24,Inter Miami,4,2023,2024
WC-2026-093,48,Brighton & Hove Albion,6,2025,None
WC-2026-094,55,Cerro Porteño,9,2021,2023
WC-2026-094,82,São Paulo,8,2024,None
WC-2026-095,28,Boca Juniors,0,2014,2018
WC-2026-095,1,→Pescara(loan),0,2017,None
WC-2026-095,21,→Defensa y Justicia(loan),0,2017,2018
WC-2026-095,38,Talleres,1,2018,2020
WC-2026-095,48,Nîmes,2,2020,2022
WC-2026-095,110,Vancouver Whitecaps,2,2022,None
WC-2026-096,39,Cerro Porteño,6,2013,2015
WC-2026-096,35,Lanús,3,2015,2016
WC-2026-096,62,Atlanta United,21,2016,2019
WC-2026-096,186,Newcastle United,23,2019,2025
WC-2026-096,39,Atlanta United,6,2025,None
WC-2026-097,0,Desportivo Brasil,0,2019,None
WC-2026-097,9,→Cruzeiro(loan),1,2019,None
WC-2026-097,32,Cruzeiro,5,2019,2020
WC-2026-097,176,Internacional,25,2020,2024
WC-2026-097,91,Palmeiras,14,2024,None
WC-2026-098,10,Barcelona B,3,2013,2014
WC-2026-098,2,Sassuolo,0,2014,None
WC-2026-098,2,Roma,0,2014,2016
WC-2026-098,30,→Sporting Gijón(loan),11,2015,2016
WC-2026-098,70,Betis,17,2016,2021
WC-2026-098,39,→Genoa(loan),9,2019,2020
WC-2026-098,137,Torino,30,2021,2025
WC-2026-098,25,Cremonese,1,2025,None
WC-2026-099,64,Al-Arabi,0,2019,2025
WC-2026-099,20,Al-Rayyan,0,2025,None
WC-2026-100,0,Eupen,0,2017,2018
WC-2026-100,79,Al-Gharafa,7,2019,2024
WC-2026-100,30,Al-Duhail,5,2024,None
WC-2026-100,14,→Cultural Leonesa(loan),0,2026,None
WC-2026-101,18,Farense,4,2009,2010
WC-2026-101,8,Aljustrelense,1,2010,None
WC-2026-101,58,Al Ahli,2,2011,2016
WC-2026-101,169,Al Sadd,9,2016,None
WC-2026-102,147,Al Arabi,36,2009,2017
WC-2026-102,141,Al Sadd,15,2017,None
WC-2026-103,28,Al-Gharafa,1,2022,None
WC-2026-104,86,Al-Arabi,2,2019,2025
WC-2026-104,0,Al-Rayyan,0,2025,None
WC-2026-105,233,Al Arabi,5,2012,None
WC-2026-106,18,Nancy B,0,2008,2010
WC-2026-106,262,Al-Duhail,17,2010,None
WC-2026-107,26,Eupen,8,2015,2016
WC-2026-107,0,Villarreal,0,2016,2020
WC-2026-107,9,→Sporting Gijón(loan),0,2016,2017
WC-2026-107,15,→Eupen(loan),1,2017,2018
WC-2026-107,48,→Al Sadd(loan),44,2018,2020
WC-2026-107,100,Al Sadd,80,2020,None
WC-2026-108,4,LASK II,5,2015,None
WC-2026-108,7,LASK,1,2015,2016
WC-2026-108,10,Cultural Leonesa,1,2016,None
WC-2026-108,4,Al-Duhail B,1,2016,2017
WC-2026-108,170,Al-Duhail,58,2016,None
WC-2026-109,100,Sint-Truiden,10,2012,2016
WC-2026-109,90,Standard Liège,21,2016,2018
WC-2026-109,113,Al-Duhail,36,2018,None
WC-2026-110,1,TSG Hoffenheim,0,2016,2020
WC-2026-110,16,→FC Augsburg(loan),0,2019,None
WC-2026-110,31,→VfB Stuttgart(loan),0,2019,2020
WC-2026-110,33,VfB Stuttgart,0,2020,2021
WC-2026-110,149,Borussia Dortmund,0,2021,None
WC-2026-111,9,Aarau II,2,2010,2011
WC-2026-111,65,Aarau,11,2011,2013
WC-2026-111,131,Udinese,5,2013,2018
WC-2026-111,85,Basel,3,2018,2021
WC-2026-111,133,Mainz 05,9,2021,None
WC-2026-112,24,Zürich II,0,2013,2015
WC-2026-112,18,Zürich,1,2014,2015
WC-2026-112,318,Borussia Mönchengladbach,15,2015,None
WC-2026-113,18,FC Winterthur II,0,2013,2014
WC-2026-113,35,FC Winterthur,1,2014,2015
WC-2026-113,4,FC Basel II,0,2015,2016
WC-2026-113,42,FC Basel,5,2015,2018
WC-2026-113,119,Borussia Dortmund,4,2018,2022
WC-2026-113,85,Manchester City,2,2022,None
WC-2026-113,33,→Inter Milan(loan),2,2025,None
WC-2026-114,35,Zürich,2,2010,2012
WC-2026-114,149,VfL Wolfsburg,15,2012,2017
WC-2026-114,74,AC Milan,1,2017,2020
WC-2026-114,6,→PSV(loan),0,2020,None
WC-2026-114,120,Torino,1,2020,2024
WC-2026-114,41,Betis,0,2024,None
WC-2026-115,2,Winterthur,0,2009,2010
WC-2026-115,12,Grasshoppers,1,2010,2011
WC-2026-115,70,Winterthur,8,2011,2014
WC-2026-115,63,Luzern,9,2014,2016
WC-2026-115,203,Atalanta,18,2016,2022
WC-2026-115,28,Nottingham Forest,0,2022,2024
WC-2026-115,32,→Bologna(loan),1,2023,2024
WC-2026-115,66,Bologna,2,2024,None
WC-2026-116,42,Basel,1,2010,2012
WC-2026-116,108,Borussia Mönchengladbach,6,2012,2016
WC-2026-116,225,Arsenal,17,2016,2023
WC-2026-116,66,Bayer Leverkusen,5,2023,2025
WC-2026-116,34,Sunderland,1,2025,None
WC-2026-117,21,Lausanne-Sport II,7,2018,2019
WC-2026-117,33,Lausanne-Sport,8,2018,2020
WC-2026-117,31,Nice,1,2020,2022
WC-2026-117,12,→Lausanne-Sport(loan),3,2020,None
WC-2026-117,29,→Basel(loan),2,2021,2022
WC-2026-117,34,Basel,5,2022,2023
WC-2026-117,62,Bologna,9,2023,2025
WC-2026-117,24,Nottingham Forest,1,2025,None
WC-2026-118,133,Young Boys,12,2016,2022
WC-2026-118,12,→Bologna(loan),0,2022,None
WC-2026-118,82,Bologna,1,2022,None
WC-2026-118,35,→Pisa(loan),1,2025,None
WC-2026-119,20,SC Freiburg II,3,2024,None
WC-2026-119,38,SC Freiburg,7,2024,None
WC-2026-120,61,Basel,21,2014,2016
WC-2026-120,48,Schalke 04,10,2016,2019
WC-2026-120,88,Borussia Mönchengladbach,22,2019,2022
WC-2026-120,66,Monaco,19,2022,2025
WC-2026-120,31,Rennes,8,2025,None
WC-2026-121,80,Internacional,0,2013,2016
WC-2026-121,37,Roma,0,2016,2018
WC-2026-121,255,Liverpool,1,2018,None
WC-2026-122,34,Avaí,2,2016,2017
WC-2026-122,7,Lille II,0,2017,2018
WC-2026-122,39,Lille,2,2017,2020
WC-2026-122,1,→Troyes(loan),0,2017,2018
WC-2026-122,1,→Dinamo Zagreb(loan),0,2018,None
WC-2026-122,192,Arsenal,20,2020,None
WC-2026-123,14,Corinthians,0,2012,2013
WC-2026-123,16,→Roma(loan),0,2012,2013
WC-2026-123,10,Roma,0,2013,None
WC-2026-123,326,Paris Saint-Germain,26,2013,None
WC-2026-124,37,Náutico,3,2012,2013
WC-2026-124,0,Granada,0,2013,2014
WC-2026-124,3,→Udinese(loan),0,2013,2014
WC-2026-124,0,Udinese,0,2014,2015
WC-2026-124,33,→Atlético Mineiro(loan),1,2014,2015
WC-2026-124,40,Atlético Mineiro,1,2015,2016
WC-2026-124,80,Hamburger SV,2,2016,2019
WC-2026-124,190,Zenit Saint Petersburg,7,2019,None
WC-2026-125,9,PRS[pt],2,2016,2018
WC-2026-125,2,→Sergipe(loan),0,2017,None
WC-2026-125,6,→Fluminense(loan),0,2017,2018
WC-2026-125,22,Fluminense,1,2018,2019
WC-2026-125,1,Atalanta,0,2019,2021
WC-2026-125,39,→Roma(loan),0,2020,2021
WC-2026-125,67,Roma,6,2021,2023
WC-2026-125,89,Al-Ahli,10,2023,None
WC-2026-126,92,São Paulo,9,2010,2013
WC-2026-126,15,→Real Madrid Castilla(loan),1,2013,None
WC-2026-126,1,→Real Madrid(loan),0,2013,None
WC-2026-126,221,Real Madrid,24,2013,2022
WC-2026-126,28,→Porto(loan),3,2014,2015
WC-2026-126,111,Manchester United,15,2022,None
WC-2026-127,8,Audax,0,2015,2018
WC-2026-127,7,→Athletico Paranaense(loan),0,2017,2018
WC-2026-127,66,Athletico Paranaense,5,2018,2020
WC-2026-127,56,Lyon,3,2020,2022
WC-2026-127,153,Newcastle United,30,2022,None
WC-2026-128,67,Flamengo,15,2016,2019
WC-2026-128,37,AC Milan,1,2019,2020
WC-2026-128,67,Lyon,18,2020,2022
WC-2026-128,110,West Ham United,16,2022,2026
WC-2026-128,17,Flamengo,6,2026,None
WC-2026-129,50,Flamengo,11,2017,2018
WC-2026-129,5,Real Madrid B,4,2018,None
WC-2026-129,242,Real Madrid,77,2018,None
WC-2026-130,16,Vitória de Guimarães B,5,2016,2018
WC-2026-130,65,Vitória de Guimarães,19,2016,2018
WC-2026-130,28,Sporting CP,6,2018,2019
WC-2026-130,28,Rennes,6,2019,2020
WC-2026-130,65,Leeds United,17,2020,2022
WC-2026-130,122,Barcelona,44,2022,None
WC-2026-131,60,Cruzeiro,9,2020,2022
WC-2026-131,4,Ludogorets Razgrad II,3,2022,None
WC-2026-131,34,Ludogorets Razgrad,16,2022,2023
WC-2026-131,34,Club Brugge,18,2023,2024
WC-2026-131,46,Brentford,22,2024,None
WC-2026-132,8,Wydad Casablanca,0,2010,2012
WC-2026-132,47,Atlético Madrid B,0,2012,2014
WC-2026-132,0,Atlético Madrid,0,2012,2016
WC-2026-132,35,→Real Zaragoza(loan),0,2014,2016
WC-2026-132,83,Girona,0,2016,2020
WC-2026-132,6,→Sevilla(loan),0,2019,2020
WC-2026-132,90,Sevilla,1,2020,2023
WC-2026-132,88,Al Hilal,0,2023,None
WC-2026-133,28,Real Madrid B,1,2016,2017
WC-2026-133,9,Real Madrid,2,2017,2020
WC-2026-133,54,→Borussia Dortmund(loan),7,2018,2020
WC-2026-133,37,Inter Milan,7,2020,2021
WC-2026-133,128,Paris Saint-Germain,19,2021,None
WC-2026-134,56,Jong Ajax,12,2016,2020
WC-2026-134,93,Ajax,6,2017,2022
WC-2026-134,38,Bayern Munich,1,2022,2024
WC-2026-134,57,Manchester United,0,2024,None
WC-2026-135,7,Toulouse B,0,2014,2015
WC-2026-135,85,Toulouse,6,2015,2018
WC-2026-135,96,West Ham United,6,2018,2022
WC-2026-135,77,Fulham,2,2022,None
WC-2026-136,1,→Sabadell(loan),0,2020,2021
WC-2026-136,35,Barcelona B,2,2022,2023
WC-2026-136,1,Barcelona,0,2022,2024
WC-2026-136,26,→Betis(loan),0,2023,2024
WC-2026-136,10,Crystal Palace,0,2024,None
WC-2026-137,3,Lille B,0,2023,None
WC-2026-137,63,Lille,0,2023,None
WC-2026-138,35,Strasbourg B,1,2018,2020
WC-2026-138,2,Avranches B,1,2020,None
WC-2026-138,27,Avranches,5,2020,2021
WC-2026-138,47,Angers,2,2021,2023
WC-2026-138,28,Marseille,3,2023,2025
WC-2026-138,25,→Panathinaikos(loan),5,2024,2025
WC-2026-138,24,Girona,5,2025,None
WC-2026-139,55,Jong PSV,9,2020,2022
WC-2026-139,108,PSV Eindhoven,29,2020,2026
WC-2026-139,0,Bayern München,0,2026,None
WC-2026-140,78,Genk,4,2022,2024
WC-2026-140,34,Leicester City,2,2024,2026
WC-2026-140,25,→VfB Stuttgart(loan),4,2025,2026
WC-2026-140,0,VfB Stuttgart,0,2026,None
WC-2026-141,10,Nancy B,0,2018,2021
WC-2026-141,67,Nancy,6,2021,2023
WC-2026-141,1,Lens B,2,2023,None
WC-2026-141,49,Lens,9,2023,2025
WC-2026-141,25,Roma,1,2025,None
WC-2026-142,5,Manchester City,0,2016,2019
WC-2026-142,107,Real Madrid,14,2019,None
WC-2026-142,91,→AC Milan(loan),13,2020,2023
WC-2026-143,23,Le Havre B,0,2007,2008
WC-2026-143,97,Le Havre,0,2008,2012
WC-2026-143,49,Reims,0,2013,2016
WC-2026-143,0,Guingamp,0,2016,2017
WC-2026-143,36,Oldham Athletic,0,2017,2018
WC-2026-143,47,Tsarsko Selo,0,2019,2021
WC-2026-143,139,Bastia,0,2021,None
WC-2026-144,None,Racing CH,None,2013,None
WC-2026-144,None,Club Sportif Saint-Louis,None,2014,None
WC-2026-144,25,Troyes B,0,2015,2016
WC-2026-144,2,Troyes,0,2015,2016
WC-2026-144,19,Lille B,1,2016,2017
WC-2026-144,0,Lille,0,2016,2017
WC-2026-144,0,Cercle Brugge,0,2017,2018
WC-2026-144,30,→Auxerre(loan),0,2017,2018
WC-2026-144,122,Auxerre,3,2018,2022
WC-2026-144,1,Auxerre B,0,2019,None
WC-2026-144,60,Vitesse,1,2022,2024
WC-2026-144,54,Angers,0,2024,None
WC-2026-145,56,Baltimore SC,0,2011,2013
WC-2026-145,None,Miami United,None,2014,None
WC-2026-145,16,Don Bosco,0,2015,2016
WC-2026-145,51,Santiago Morning,2,2017,2018
WC-2026-145,45,Magallanes,1,2019,2020
WC-2026-145,24,Mushuc Runa,0,2021,None
WC-2026-145,27,Aucas,0,2022,None
WC-2026-145,95,L.D.U. Quito,3,2023,None
WC-2026-146,51,Anderlecht,0,2017,2023
WC-2026-146,23,→RKC Waalwijk(loan),1,2019,2020
WC-2026-146,12,Burnley,0,2023,2026
WC-2026-146,12,→Swansea City(loan),0,2025,None
WC-2026-146,14,Lugano,1,2026,None
WC-2026-147,18,Changé,0,2018,2020
WC-2026-147,3,Avranches II,2,2020,None
WC-2026-147,29,Avranches,1,2020,2022
WC-2026-147,54,Cholet,3,2022,2024
WC-2026-147,50,Nancy,1,2024,None
WC-2026-148,79,Hobro,19,2019,2023
WC-2026-148,56,OB,15,2023,2025
WC-2026-148,9,FC Dallas,1,2025,None
WC-2026-149,38,Lens B,0,2015,2019
WC-2026-149,55,Lens,5,2016,2019
WC-2026-149,128,Strasbourg,7,2019,2023
WC-2026-149,83,Wolverhampton Wanderers,5,2023,None
WC-2026-150,52,Don Bosco,7,2017,2021
WC-2026-150,15,Metz B,0,2021,2022
WC-2026-150,64,Metz,0,2022,2024
WC-2026-150,53,Philadelphia Union,5,2024,None
WC-2026-151,0,Roma,0,2021,2023
WC-2026-151,0,→Club Brugge(loan),0,2021,None
WC-2026-151,0,→Estoril(loan),0,2022,None
WC-2026-151,21,→TSV Hartberg(loan),6,2022,2023
WC-2026-151,29,TSV Hartberg,2,2023,2024
WC-2026-151,47,Almere City,1,2024,None
WC-2026-152,22,Reading United,12,2016,2018
WC-2026-152,28,Mouscron,6,2018,2019
WC-2026-152,76,Guingamp,28,2019,2022
WC-2026-152,66,Maccabi Haifa,28,2022,2024
WC-2026-152,37,AEK Athens,8,2024,None
WC-2026-152,10,→Çaykur Rizespor(loan),0,2026,None
WC-2026-153,4,Rennes II,0,2017,2018
WC-2026-153,21,Monaco II,5,2018,2022
WC-2026-153,5,Monaco,0,2018,2022
WC-2026-153,14,→Laval(loan),1,2019,2020
WC-2026-153,4,→Laval II(loan),3,2019,2020
WC-2026-153,29,→Bastia-Borgo(loan),15,2020,2021
WC-2026-153,35,Lokomotiv Moscow,16,2022,2024
WC-2026-153,14,→Zenit Saint Petersburg(loan),2,2023,2024
WC-2026-153,3,Zenit Saint Petersburg,1,2024,2025
WC-2026-153,26,→Sunderland(loan),9,2024,2025
WC-2026-153,50,Sunderland,9,2025,None
WC-2026-154,0,Manchester City,0,2017,2018
WC-2026-154,46,→Norwich City(loan),0,2017,2018
WC-2026-154,22,Southampton,0,2018,2021
WC-2026-154,15,→Stoke City(loan),0,2020,2021
WC-2026-154,114,Norwich City,0,2021,2025
WC-2026-154,1,Nottingham Forest,0,2025,None
WC-2026-155,34,Queen's Park,2,2012,2013
WC-2026-155,36,Dundee United,3,2013,2014
WC-2026-155,99,Hull City,3,2014,2017
WC-2026-155,276,Liverpool,11,2017,2026
WC-2026-156,4,Partick Thistle,0,2015,None
WC-2026-156,0,Wigan Athletic,0,2015,2017
WC-2026-156,6,→Shrewsbury Town(loan),0,2016,None
WC-2026-156,7,→Milton Keynes Dons(loan),0,2016,None
WC-2026-156,24,Dundee,1,2017,2018
WC-2026-156,15,Celtic,0,2018,2021
WC-2026-156,2,→Melbourne City(loan),0,2020,None
WC-2026-156,30,→KV Oostende(loan),2,2020,2021
WC-2026-156,6,KV Oostende,0,2021,None
WC-2026-156,31,Club Brugge,1,2021,2023
WC-2026-156,4,→Cremonese(loan),0,2022,2023
WC-2026-156,79,Al-Ettifaq,1,2023,None
WC-2026-157,183,Blackburn Rovers,8,2010,2016
WC-2026-157,10,Newcastle United,1,2016,2017
WC-2026-157,181,Norwich City,5,2017,2025
WC-2026-157,14,Birmingham City,0,2025,None
WC-2026-157,24,Hibernian,0,2025,None
WC-2026-158,24,Heart of Midlothian,1,2019,2020
WC-2026-158,47,Bologna,5,2020,2022
WC-2026-158,56,Brentford,0,2022,None
WC-2026-159,87,St Mirren,4,2012,2015
WC-2026-159,101,Hibernian,12,2015,2018
WC-2026-159,273,Aston Villa,28,2018,None
WC-2026-160,13,Hamilton Academical,0,2017,2018
WC-2026-160,132,Aberdeen,27,2018,2022
WC-2026-160,106,Bologna,15,2022,None
WC-2026-161,178,Manchester United,19,2017,2024
WC-2026-161,67,Napoli,22,2024,None
WC-2026-162,2,Celtic,0,2021,2022
WC-2026-162,3,Liverpool,0,2022,2025
WC-2026-162,24,→Middlesbrough(loan),3,2024,2025
WC-2026-162,8,Bournemouth,0,2025,None
WC-2026-163,33,Oadby Town,5,2012,2013
WC-2026-163,40,Ilkeston,9,2013,2014
WC-2026-163,47,Sheffield United,11,2014,2016
WC-2026-163,116,Birmingham City,34,2016,2019
WC-2026-163,164,Southampton,41,2019,2024
WC-2026-163,69,Torino,15,2024,None
WC-2026-164,34,Queen's Park,11,2011,2013
WC-2026-164,17,Aberdeen,0,2013,2017
WC-2026-164,13,→Dunfermline Athletic(loan),7,2014,None
WC-2026-164,31,→St Mirren(loan),10,2015,2016
WC-2026-164,17,→St Mirren(loan),0,2016,2017
WC-2026-164,16,→Greenock Morton(loan),4,2017,None
WC-2026-164,61,Ayr United,50,2017,2019
WC-2026-164,59,Dundee United,32,2019,2021
WC-2026-164,26,Beerschot,5,2021,2022
WC-2026-164,135,Heart of Midlothian,72,2022,2026
WC-2026-164,0,Rangers,0,2026,None
WC-2026-165,26,Schalke 04 II,0,2004,2006
WC-2026-165,156,Schalke 04,0,2005,2011
WC-2026-165,389,Bayern Munich,0,2011,None
WC-2026-166,53,RB Leipzig,3,2013,2015
WC-2026-166,324,Bayern Munich,31,2015,None
WC-2026-167,8,Hamburger SV II,0,2013,2014
WC-2026-167,16,Hamburger SV,0,2013,2015
WC-2026-167,23,→Fortuna Düsseldorf(loan),0,2014,2015
WC-2026-167,291,Bayer Leverkusen,15,2015,2025
WC-2026-167,28,Bayern Munich,2,2025,None
WC-2026-168,25,SC Freiburg II,2,2018,2020
WC-2026-168,49,SC Freiburg,4,2019,2022
WC-2026-168,16,→Union Berlin(loan),1,2020,2021
WC-2026-168,112,Borussia Dortmund,11,2022,None
WC-2026-169,27,1. FC Nürnberg II,1,2022,2023
WC-2026-169,24,1. FC Nürnberg,1,2023,2024
WC-2026-169,58,Eintracht Frankfurt,7,2024,None
WC-2026-169,16,→1. FC Nürnberg(loan),0,2024,None
WC-2026-170,9,Bayern Munich II,0,2023,2024
WC-2026-170,64,Bayern Munich,6,2023,None
WC-2026-171,0,Manchester City,0,2019,2021
WC-2026-171,46,VfL Wolfsburg,3,2021,2023
WC-2026-171,75,Borussia Dortmund,7,2023,None
WC-2026-172,47,Schalke 04,11,2014,2016
WC-2026-172,90,Manchester City,25,2016,2020
WC-2026-172,153,Bayern Munich,40,2020,2025
WC-2026-172,28,Galatasaray,7,2025,None
WC-2026-173,10,Bayern Munich II,2,2020,2021
WC-2026-173,154,Bayern Munich,48,2020,None
WC-2026-174,140,Bayer Leverkusen,35,2020,2025
WC-2026-174,33,Liverpool,5,2025,None
WC-2026-175,118,Bayer Leverkusen,36,2016,2020
WC-2026-175,91,Chelsea,19,2020,2023
WC-2026-175,72,Arsenal,24,2023,None
WC-2026-176,133,Vitesse,0,2008,2017
WC-2026-176,20,→Go Ahead Eagles(loan),0,2013,2014
WC-2026-176,3,PSV,0,2017,2019
WC-2026-176,14,Jong PSV,0,2017,2018
WC-2026-176,96,Columbus Crew,0,2019,2023
WC-2026-176,34,Vitesse,0,2023,2024
WC-2026-176,0,Cercle Brugge,0,2024,2025
WC-2026-176,8,Miami FC,0,2026,None
WC-2026-177,1,Jong Utrecht,0,2022,None
WC-2026-177,34,USV Hercules,2,2023,2024
WC-2026-177,27,IJsselmeervogels,1,2024,2025
WC-2026-177,4,Dordrecht,0,2025,None
WC-2026-177,29,NEC,0,2025,None
WC-2026-178,40,Jong PSV,2,2016,2021
WC-2026-178,85,PSV,6,2018,None
WC-2026-178,26,→Vitesse(loan),0,2019,2020
WC-2026-179,51,Ajax,6,2013,2017
WC-2026-179,34,→Jong Ajax,1,2013,2014
WC-2026-179,25,VfL Wolfsburg,0,2017,2019
WC-2026-179,2,→Porto B(loan),0,2018,None
WC-2026-179,0,Porto,0,2018,2019
WC-2026-179,12,→Utrecht(loan),3,2019,None
WC-2026-179,77,Vitesse,9,2019,2022
WC-2026-179,47,AZ,0,2022,2024
WC-2026-179,51,Konyaspor,2,2024,None
WC-2026-180,61,Sparta Rotterdam,0,2015,2018
WC-2026-180,2,Jong Sparta,0,2016,None
WC-2026-180,71,SC Heerenveen,2,2018,2021
WC-2026-180,30,Antalyaspor,1,2021,2023
WC-2026-180,31,Almere City,0,2023,2024
WC-2026-180,54,PEC Zwolle,1,2024,None
WC-2026-181,109,Groningen,14,2009,2013
WC-2026-181,116,Aston Villa,7,2013,2017
WC-2026-181,59,Reading,4,2017,2019
WC-2026-181,111,Cardiff City,4,2019,2022
WC-2026-181,14,Watford,0,2022,2023
WC-2026-181,64,Groningen,5,2023,2025
WC-2026-181,19,Bandırmaspor,6,2025,None
WC-2026-181,16,Iğdır FK,1,2026,None
WC-2026-182,60,Jong PSV,1,2021,2023
WC-2026-182,59,Juventus Next Gen,2,2023,2025
WC-2026-182,24,Zürich,0,2025,None
WC-2026-183,87,Groningen,2,2015,2018
WC-2026-183,102,Huddersfield Town,12,2018,2021
WC-2026-183,6,Rangers,1,2021,2022
WC-2026-183,105,Birmingham City,11,2022,2024
WC-2026-183,32,Al-Wehda,3,2024,2025
WC-2026-183,9,Gaziantep,0,2025,None
WC-2026-183,13,→Volendam(loan),0,2026,None
WC-2026-184,5,Manchester United,0,2019,2022
WC-2026-184,13,→Werder Bremen(loan),0,2020,2021
WC-2026-184,10,→Club Brugge(loan),0,2021,None
WC-2026-184,20,→Birmingham City(loan),1,2021,2022
WC-2026-184,38,Birmingham City,4,2022,2023
WC-2026-184,63,Luton Town,6,2023,2025
WC-2026-184,21,Sheffield United,0,2025,None
WC-2026-185,84,Jong Ajax,13,2019,2023
WC-2026-185,1,Ajax,0,2019,2023
WC-2026-185,65,NEC,12,2023,2025
WC-2026-185,17,Middlesbrough,1,2025,None
WC-2026-186,127,PSV,45,2011,2018
WC-2026-186,35,Brighton & Hove Albion,3,2018,2022
WC-2026-186,11,→Hoffenheim(loan),4,2019,2020
WC-2026-186,26,→FC Cincinnati(loan),2,2020,2021
WC-2026-186,11,Bochum,2,2022,None
WC-2026-186,9,Persepolis,6,2022,None
WC-2026-186,24,Cangzhou Mighty Lions,7,2023,None
WC-2026-186,4,Amorebieta,0,2024,None
WC-2026-186,24,Intercity,10,2024,2025
WC-2026-186,10,Miami FC,4,2026,None
WC-2026-187,15,Central Coast Mariners NPL,0,2021,2023
WC-2026-187,0,Central Coast Mariners,0,2021,2023
WC-2026-187,6,Melbourne City NPL,0,2023,None
WC-2026-187,53,Melbourne City,0,2023,None
WC-2026-188,29,FFA CoE,9,2016,2017
WC-2026-188,2,Perth Glory NPL,0,2017,2019
WC-2026-188,18,Perth Glory,0,2017,2019
WC-2026-188,103,Borussia Mönchengladbach II,9,2019,2024
WC-2026-188,52,Grazer AK,5,2024,None
WC-2026-189,21,Perth Glory NPL,2,2019,2021
WC-2026-189,86,Parma,2,2022,None
WC-2026-190,2,Dundee United,1,2015,2016
WC-2026-190,61,Stoke City,1,2016,2023
WC-2026-190,13,→Ross County(loan),0,2018,None
WC-2026-190,45,→Fleetwood Town(loan),4,2019,2020
WC-2026-190,17,Leicester City,1,2023,None
WC-2026-190,21,→Sheffield United(loan),0,2024,2025
WC-2026-191,4,Fulham,0,2014,2017
WC-2026-191,0,→Ross County(loan),0,2015,None
WC-2026-191,17,→Cheltenham Town(loan),0,2015,2016
WC-2026-191,23,→Oldham Athletic(loan),1,2016,2017
WC-2026-191,18,→Bury(loan),0,2017,None
WC-2026-191,61,Scunthorpe United,3,2017,2020
WC-2026-191,29,→Salford City(loan),2,2019,2020
WC-2026-191,45,Accrington Stanley,3,2020,2021
WC-2026-191,111,Ipswich Town,4,2021,2025
WC-2026-191,46,Swansea City,0,2025,None
WC-2026-192,37,Melbourne City NPL,2,2018,2023
WC-2026-192,41,Melbourne City,3,2020,2023
WC-2026-192,44,Westerlo,7,2023,2025
WC-2026-192,28,Feyenoord,4,2025,None
WC-2026-193,32,Melbourne City NPL,3,2017,2019
WC-2026-193,73,Melbourne City,9,2017,2022
WC-2026-193,95,FC St. Pauli,6,2022,None
WC-2026-194,8,Benfica B,0,2024,2025
WC-2026-194,23,Sydney FC,0,2025,None
WC-2026-195,3,Burnley,0,2016,2020
WC-2026-195,15,→Oldham Athletic(loan),0,2017,None
WC-2026-195,21,→Fleetwood Town(loan),1,2017,2018
WC-2026-195,23,→Central Coast Mariners(loan),4,2018,2019
WC-2026-195,17,→Brisbane Roar(loan),0,2019,2020
WC-2026-195,62,Melbourne City,4,2020,2023
WC-2026-195,50,Standard Liège,1,2023,2025
WC-2026-195,25,New York City FC,0,2025,None
WC-2026-196,30,Adelaide United Youth,6,2021,2023
WC-2026-196,60,Adelaide United,16,2022,2024
WC-2026-196,15,Bayern Munich II,4,2024,None
WC-2026-196,0,Bayern Munich,0,2024,2025
WC-2026-196,19,→Grasshopper(loan),1,2025,None
WC-2026-196,40,Watford,4,2025,None
WC-2026-197,21,Adelaide United NPL,9,2020,2022
WC-2026-197,42,Adelaide United,7,2020,2022
WC-2026-197,15,Reims B,8,2022,2023
WC-2026-197,3,Reims,0,2023,2024
WC-2026-197,10,→Paris(loan),1,2023,2024
WC-2026-197,44,Randers,11,2024,2026
WC-2026-197,11,Norwich City,9,2026,None
WC-2026-198,235,Trabzonspor,0,2014,2025
WC-2026-198,8,→1461 Trabzon(loan),0,2016,None
WC-2026-198,25,Galatasaray,0,2025,None
WC-2026-199,61,NEC,11,2016,2018
WC-2026-199,148,Fenerbahçe,11,2018,2024
WC-2026-199,43,Brighton & Hove Albion,2,2024,None
WC-2026-200,104,Konyaspor,8,2011,2022
WC-2026-200,6,→Anadolu Selçukluspor(loan),1,2014,None
WC-2026-200,33,→Adana Demirspor(loan),3,2014,2015
WC-2026-200,32,→Samsunspor(loan),1,2017,2018
WC-2026-200,13,→Giresunspor(loan),0,2018,None
WC-2026-200,32,→Denizlispor(loan),2,2018,2019
WC-2026-200,31,→Altay(loan),3,2019,2020
WC-2026-200,119,Galatasaray,10,2022,None
WC-2026-201,12,Alcanenense,0,2016,2017
WC-2026-201,3,→Sporting CP B(loan),0,2017,None
WC-2026-201,26,Sporting CP B,0,2017,2019
WC-2026-201,16,→Alanyaspor(loan),1,2018,2019
WC-2026-201,14,→Sassuolo(loan),2,2019,None
WC-2026-201,21,Juventus,1,2019,2022
WC-2026-201,28,→Atalanta(loan),1,2021,2022
WC-2026-201,28,Atalanta,1,2022,2023
WC-2026-201,70,Al-Ahli,4,2023,None
WC-2026-202,0,Bursaspor,0,2015,2016
WC-2026-202,34,→Karacabeyspor(loan),0,2015,2016
WC-2026-202,64,İstanbulspor,3,2016,2018
WC-2026-202,118,Lille,6,2018,2022
WC-2026-202,106,Roma,1,2022,None
WC-2026-203,49,Gölcükspor,9,2018,2020
WC-2026-203,100,Fenerbahçe,1,2020,None
WC-2026-203,11,→Balıkesirspor(loan),1,2020,2021
WC-2026-203,7,→Adana Demirspor(loan),1,2021,None
WC-2026-203,29,→Bursaspor(loan),3,2021,2022
WC-2026-204,50,Karlsruher SC,17,2011,2013
WC-2026-204,32,Hamburger SV,11,2013,2014
WC-2026-204,79,Bayer Leverkusen,17,2014,2017
WC-2026-204,135,AC Milan,22,2017,2021
WC-2026-204,150,Inter Milan,37,2021,None
WC-2026-205,39,Ankara Demirspor,1,2017,2020
WC-2026-205,34,Ankara Keçiörengücü,8,2020,2021
WC-2026-205,141,Galatasaray,30,2021,None
WC-2026-206,119,Feyenoord,23,2018,2023
WC-2026-206,60,Benfica,14,2023,None
WC-2026-206,30,→Beşiktaş(loan),8,2025,2026
WC-2026-206,0,Beşiktaş,0,2026,None
WC-2026-207,32,Fenerbahçe,7,2021,2023
WC-2026-207,71,Real Madrid,13,2023,None
WC-2026-208,0,İstanbul Başakşehir,0,2015,2018
WC-2026-208,27,→Bodrumspor(loan),4,2016,2017
WC-2026-208,34,Karacabey Belediyespor,3,2018,2019
WC-2026-208,30,24 Erzincanspor,20,2019,2020
WC-2026-208,138,Galatasaray,39,2020,2024
WC-2026-208,31,Benfica,11,2024,2025
WC-2026-208,29,Fenerbahçe,8,2025,None
WC-2026-209,24,Anderlecht,0,2020,2023
WC-2026-209,14,Anderlecht II,0,2022,2023
WC-2026-209,95,Brighton & Hove Albion,0,2023,None
WC-2026-210,67,Sparta Rotterdam,2,2014,2017
WC-2026-210,33,Heerenveen,3,2017,2018
WC-2026-210,89,PSV,13,2018,2021
WC-2026-210,147,Inter Milan,20,2021,None
WC-2026-211,11,NAC Breda,3,2019,2020
WC-2026-211,106,Brighton & Hove Albion,4,2020,None
WC-2026-211,28,→Heerenveen(loan),1,2020,2021
WC-2026-211,31,→Blackburn Rovers(loan),1,2021,2022
WC-2026-212,62,Groningen,7,2011,2013
WC-2026-212,76,Celtic,9,2013,2015
WC-2026-212,67,Southampton,4,2015,2018
WC-2026-212,272,Liverpool,27,2018,None
WC-2026-213,45,Volendam,2,2019,2021
WC-2026-213,38,VfL Wolfsburg,1,2021,2023
WC-2026-213,75,Tottenham Hotspur,7,2023,None
WC-2026-214,1,Willem II,0,2015,None
WC-2026-214,46,Jong Ajax,8,2015,2017
WC-2026-214,1,→Willem II(loan),0,2015,None
WC-2026-214,57,Ajax,4,2016,2019
WC-2026-214,202,Barcelona,15,2019,None
WC-2026-215,44,Jong Ajax,8,2018,2020
WC-2026-215,72,Ajax,7,2018,2022
WC-2026-215,25,Bayern Munich,0,2022,2023
WC-2026-215,99,Liverpool,6,2023,None
WC-2026-216,1,PEC Zwolle,0,2017,None
WC-2026-216,92,Jong AZ,19,2017,2021
WC-2026-216,96,AZ,9,2018,2023
WC-2026-216,8,→RKC Waalwijk(loan),0,2019,2020
WC-2026-216,73,AC Milan,13,2023,2025
WC-2026-216,28,Manchester City,5,2025,None
WC-2026-217,0,Feyenoord,0,2018,2020
WC-2026-217,18,→FC Dordrecht(loan),5,2018,2019
WC-2026-217,21,→ADO Den Haag(loan),2,2019,2020
WC-2026-217,77,Leeds United,23,2020,2024
WC-2026-217,50,West Ham United,6,2024,None
WC-2026-218,22,Jong PSV,13,2017,2018
WC-2026-218,81,PSV,40,2018,2021
WC-2026-218,94,Borussia Dortmund,30,2021,2025
WC-2026-218,35,Aston Villa,7,2025,2026
WC-2026-218,18,→Roma(loan),14,2026,None
WC-2026-218,0,Roma,0,2026,None
WC-2026-219,26,Jong PSV,17,2016,2019
WC-2026-219,106,PSV,36,2018,2023
WC-2026-219,127,Liverpool,32,2023,None
WC-2026-220,8,Urawa Red Diamonds,0,2021,2024
WC-2026-220,32,→Sint-Truiden(loan),0,2023,2024
WC-2026-220,57,Parma,0,2024,None
WC-2026-221,58,Júbilo Iwata,4,2018,2022
WC-2026-221,2,→Nagoya Grampus(loan),0,2019,None
WC-2026-221,29,→VfB Stuttgart(loan),1,2021,2022
WC-2026-221,56,VfB Stuttgart,1,2022,2024
WC-2026-221,22,Bayern Munich,2,2024,None
WC-2026-222,289,Kawasaki Frontale,20,2014,2022
WC-2026-222,37,Al-Rayyan,1,2023,2024
WC-2026-222,52,Sint-Truiden,2,2024,None
WC-2026-223,6,FC Tokyo U-23,0,2018,2019
WC-2026-223,75,FC Tokyo,5,2019,2021
WC-2026-223,41,Kortrijk,1,2022,2023
WC-2026-223,70,Gent,4,2023,2025
WC-2026-223,30,Feyenoord,2,2025,None
WC-2026-224,24,Gamba Osaka,1,2018,2021
WC-2026-224,22,Gamba Osaka U23,5,2018,2019
WC-2026-224,17,→Twente(loan),4,2019,2020
WC-2026-224,5,→Sint-Truiden(loan),1,2020,2021
WC-2026-224,14,→Juniors OÖ(loan),5,2021,None
WC-2026-224,54,LASK,20,2021,2023
WC-2026-224,86,Reims,29,2023,None
WC-2026-225,65,Sagan Tosu,13,2015,2017
WC-2026-225,3,→J.League U-22(loan),0,2015,None
WC-2026-225,127,Eintracht Frankfurt,20,2017,2023
WC-2026-225,34,→Sint-Truiden(loan),15,2018,2019
WC-2026-225,29,Lazio,2,2023,2024
WC-2026-225,62,Crystal Palace,0,2024,None
WC-2026-226,116,Machida Zelvia,8,2019,2022
WC-2026-226,47,Kashima Antlers,1,2023,2024
WC-2026-226,68,Mainz 05,1,2024,None
WC-2026-227,15,Gamba Osaka,3,2015,2018
WC-2026-227,29,→Groningen(loan),9,2017,2018
WC-2026-227,34,Groningen,6,2018,2019
WC-2026-227,43,PSV,10,2019,2022
WC-2026-227,34,→Arminia Bielefeld(loan),5,2020,2021
WC-2026-227,97,SC Freiburg,22,2022,2025
WC-2026-227,31,Eintracht Frankfurt,5,2025,None
WC-2026-228,56,Matsumoto Yamaga,9,2016,2020
WC-2026-228,2,→Mito HollyHock(loan),1,2017,None
WC-2026-228,23,→Marítimo(loan),3,2019,2020
WC-2026-228,23,→Yokohama F. Marinos(loan),3,2020,None
WC-2026-228,36,Yokohama F. Marinos,23,2021,2022
WC-2026-228,16,→Celtic(loan),6,2022,None
WC-2026-228,133,Celtic,44,2022,None
WC-2026-229,86,Kashima Antlers,38,2019,2022
WC-2026-229,40,Cercle Brugge,22,2022,2023
WC-2026-229,78,Feyenoord,37,2023,None
WC-2026-230,34,FC Tokyo U-23,5,2016,2018
WC-2026-230,19,FC Tokyo,4,2016,2019
WC-2026-230,5,→Yokohama F. Marinos(loan),1,2018,None
WC-2026-230,0,Real Madrid,0,2019,2022
WC-2026-230,35,→Mallorca(loan),4,2019,2020
WC-2026-230,13,→Villarreal(loan),0,2020,2021
WC-2026-230,18,→Getafe(loan),1,2021,None
WC-2026-230,28,→Mallorca(loan),1,2021,2022
WC-2026-230,125,Real Sociedad,23,2022,None
WC-2026-231,36,Basconia,0,2014,2016
WC-2026-231,58,Athletic Bilbao B,0,2016,2018
WC-2026-231,237,Athletic Bilbao,0,2018,None
WC-2026-232,58,Real Madrid B,3,2014,2016
WC-2026-232,22,Real Madrid,0,2015,2019
WC-2026-232,32,→Alavés(loan),0,2016,2017
WC-2026-232,216,Atlético Madrid,24,2019,None
WC-2026-233,9,Barcelona B,0,2023,2024
WC-2026-233,85,Barcelona,1,2024,None
WC-2026-234,33,Basconia,2,2011,2012
WC-2026-234,8,Athletic Bilbao B,0,2012,2013
WC-2026-234,161,Athletic Bilbao,7,2012,2018
WC-2026-234,121,Manchester City,8,2018,2023
WC-2026-234,47,Al-Nassr,8,2023,2025
WC-2026-234,25,Athletic Bilbao,0,2025,None
WC-2026-235,48,Barcelona B,1,2016,2018
WC-2026-235,0,Barcelona,0,2017,2020
WC-2026-235,31,→Eibar(loan),1,2018,2019
WC-2026-235,37,→Getafe(loan),1,2019,2020
WC-2026-235,38,Getafe,3,2020,2021
WC-2026-235,35,Brighton & Hove Albion,1,2021,2022
WC-2026-235,115,Chelsea,6,2022,2026
WC-2026-235,0,Real Madrid,0,2026,None
WC-2026-236,39,Villarreal B,1,2015,2016
WC-2026-236,63,Villarreal,1,2015,2018
WC-2026-236,34,Atlético Madrid,3,2018,2019
WC-2026-236,196,Manchester City,23,2019,None
WC-2026-237,36,Las Palmas,4,2019,2020
WC-2026-237,165,Barcelona,22,2020,None
WC-2026-238,23,Betis B,2,2014,2016
WC-2026-238,56,Betis,3,2014,2018
WC-2026-238,18,→Elche(loan),1,2017,None
WC-2026-238,125,Napoli,18,2018,2022
WC-2026-238,98,Paris Saint-Germain,9,2022,None
WC-2026-239,12,Valencia Mestalla,1,2016,2017
WC-2026-239,71,Valencia,6,2017,2020
WC-2026-239,28,Manchester City,9,2020,2022
WC-2026-239,140,Barcelona,41,2022,None
WC-2026-240,13,Real Sociedad B,3,2014,2015
WC-2026-240,349,Real Sociedad,100,2015,None
WC-2026-241,3,Barcelona B,0,2020,2021
WC-2026-241,119,Barcelona,6,2021,None
WC-2026-242,None,Batuque[citation needed],None,2007,2011
WC-2026-242,0,CS Mindelense[citation needed],0,2011,None
WC-2026-242,51,Progresso,0,2012,2015
WC-2026-242,0,→CS Mindelense(loan)[1],0,2014,2015
WC-2026-242,26,Zimbru Chișinău,0,2015,2016
WC-2026-242,28,Gil Vicente,0,2016,2017
WC-2026-242,116,AEL Limassol,0,2017,2022
WC-2026-242,34,AS Trenčín,0,2022,2024
WC-2026-242,42,Chaves,0,2024,None
WC-2026-243,49,Rot-Weiß Erfurt,3,2022,2023
WC-2026-243,46,Viktoria Köln,1,2024,2025
WC-2026-243,15,Estrela da Amadora,5,2025,2026
WC-2026-243,7,Benfica,1,2026,None
WC-2026-243,0,Trabzonspor,0,2026,None
WC-2026-244,140,Bohemians,3,2010,2016
WC-2026-244,269,Shamrock Rovers,21,2017,None
WC-2026-245,75,Marítimo B,5,2015,2018
WC-2026-245,22,Marítimo,0,2015,2018
WC-2026-245,15,Estoril,1,2018,2019
WC-2026-245,79,FAR Rabat,12,2019,2023
WC-2026-245,62,Al Bataeh,4,2023,None
WC-2026-246,24,Rennes B,0,2011,2016
WC-2026-246,58,Rennes,0,2013,2016
WC-2026-246,63,Lorient,1,2016,2018
WC-2026-246,58,Toulouse,1,2018,2021
WC-2026-246,3,Toulouse B,0,2018,None
WC-2026-246,130,Columbus Crew,4,2021,None
WC-2026-247,73,Jong PSV,2,2015,2019
WC-2026-247,16,→Sparta Rotterdam(loan),3,2019,None
WC-2026-247,37,Sparta Rotterdam,2,2019,2021
WC-2026-247,76,Groningen,8,2021,2024
WC-2026-247,54,Puskás Akadémia,1,2024,None
WC-2026-248,1,Oliveirense,0,2017,2019
WC-2026-248,6,→Anadia(loan),0,2018,None
WC-2026-248,31,→Sertanense(loan),2,2018,2019
WC-2026-248,25,Chaves B,2,2019,2020
WC-2026-248,39,Chaves,1,2020,2022
WC-2026-248,86,Krasnodar,6,2022,None
WC-2026-249,34,Sporting CP B,2,2016,2018
WC-2026-249,72,Sporting CP,14,2018,2024
WC-2026-249,3,→Lazio(loan),1,2022,None
WC-2026-249,12,→Salernitana(loan),1,2023,2024
WC-2026-249,4,→Olympiacos(loan),0,2024,None
WC-2026-249,53,Estrela Amadora,9,2024,None
WC-2026-250,56,Cambuur,6,2015,2017
WC-2026-250,34,Heracles Almelo,4,2017,2018
WC-2026-250,3,Metz,0,2018,2020
WC-2026-250,26,→Philadelphia Union(loan),4,2019,None
WC-2026-250,49,Philadelphia Union,5,2020,2021
WC-2026-250,59,San Jose Earthquakes,5,2022,2023
WC-2026-250,13,Gaziantep,1,2024,None
WC-2026-250,49,PEC Zwolle,4,2024,None
WC-2026-251,84,Le Havre,20,2008,2012
WC-2026-251,1,Le Havre II,0,2010,None
WC-2026-251,54,Lille,7,2012,2017
WC-2026-251,2,Lille II,1,2014,2016
WC-2026-251,35,→Nottingham Forest(loan),2,2015,2016
WC-2026-251,39,Kayserispor,5,2017,2018
WC-2026-251,44,Sharjah,20,2018,2020
WC-2026-251,68,Al Nasr,15,2020,2023
WC-2026-251,23,Fatih Karagümrük,4,2023,2024
WC-2026-251,39,Kocaelispor,12,2024,2025
WC-2026-251,27,Iğdır,2,2025,None
WC-2026-252,1,Roda JC,0,2021,2022
WC-2026-252,63,MVV,20,2022,2024
WC-2026-252,29,Hellas Verona,1,2024,None
WC-2026-252,24,→Casa Pia(loan),0,2025,None
WC-2026-253,41,Genk,0,2009,2011
WC-2026-253,126,Chelsea,0,2011,2018
WC-2026-253,111,→Atlético Madrid(loan),0,2011,2014
WC-2026-253,232,Real Madrid,0,2018,None
WC-2026-254,49,Virton,15,2009,2011
WC-2026-254,149,Club Brugge,15,2011,2016
WC-2026-254,84,Paris Saint-Germain,8,2016,2020
WC-2026-254,56,Borussia Dortmund,3,2020,2024
WC-2026-254,3,Borussia Dortmund II,0,2023,None
WC-2026-254,14,Trabzonspor,1,2024,None
WC-2026-254,55,Lille,3,2024,None
WC-2026-255,50,Standard Liège,1,2020,2025
WC-2026-255,29,Lille,1,2025,None
WC-2026-256,400,Club Brugge,22,2013,None
WC-2026-256,18,→Sint-Truidense(loan),2,2016,2017
WC-2026-257,80,Genk,1,2014,2017
WC-2026-257,75,Atalanta,5,2017,2020
WC-2026-257,91,Leicester City,5,2020,2023
WC-2026-257,88,Fulham,1,2023,None
WC-2026-258,1,TSG Hoffenheim II,0,2019,2020
WC-2026-258,25,Hamburger SV,2,2020,2021
WC-2026-258,32,Lille,1,2021,2022
WC-2026-258,63,Everton,3,2022,2024
WC-2026-258,51,Aston Villa,5,2024,None
WC-2026-259,139,Anderlecht,26,2013,2017
WC-2026-259,47,Monaco,5,2017,2019
WC-2026-259,13,→Leicester City(loan),3,2019,None
WC-2026-259,138,Leicester City,18,2019,2023
WC-2026-259,93,Aston Villa,5,2023,None
WC-2026-260,34,Anderlecht,5,2018,2020
WC-2026-260,75,Rennes,10,2020,2023
WC-2026-260,88,Manchester City,11,2023,None
WC-2026-261,97,Genk,16,2008,2012
WC-2026-261,3,Chelsea,0,2012,2014
WC-2026-261,33,→Werder Bremen(loan),10,2012,2013
WC-2026-261,52,VfL Wolfsburg,13,2014,2015
WC-2026-261,285,Manchester City,72,2015,2025
WC-2026-261,18,Napoli,5,2025,None
WC-2026-262,83,Genk,27,2012,2019
WC-2026-262,12,→Lommel United(loan),7,2012,2013
WC-2026-262,17,→Westerlo(loan),3,2013,2014
WC-2026-262,30,→Lommel United(loan),16,2014,2015
WC-2026-262,30,→OH Leuven(loan),8,2015,2016
WC-2026-262,116,Brighton & Hove Albion,25,2019,2023
WC-2026-262,123,Arsenal,27,2023,None
WC-2026-263,90,Club Brugge,19,2019,2022
WC-2026-263,32,AC Milan,0,2022,2024
WC-2026-263,35,→Atalanta(loan),10,2023,2024
WC-2026-263,67,Atalanta,10,2024,None
WC-2026-264,23,Al Ahly,0,2019,None
WC-2026-265,None,Gomhoriat Shebin,None,2016,2019
WC-2026-265,None,Haras El Hodoud,None,2019,2023
WC-2026-265,56,ZED FC,18,2023,2025
WC-2026-265,22,Pyramids FC,6,2025,None
WC-2026-266,None,Ghazl El Mahalla,None,2015,2019
WC-2026-266,31,→Haras El Hodoud(loan),4,2018,2019
WC-2026-266,77,Zamalek,13,2019,2023
WC-2026-266,5,Midtjylland,1,2023,None
WC-2026-266,61,Al Ahly,23,2023,None
WC-2026-267,40,Al-Mokawloon,11,2010,2012
WC-2026-267,47,Basel,9,2012,2014
WC-2026-267,13,Chelsea,2,2014,2016
WC-2026-267,16,→Fiorentina(loan),6,2015,None
WC-2026-267,34,→Roma(loan),14,2015,2016
WC-2026-267,31,Roma,15,2016,2017
WC-2026-267,315,Liverpool,191,2017,2026
WC-2026-268,92,Al Ittihad,1,2019,2023
WC-2026-268,61,Al Ahly,2,2023,None
WC-2026-269,None,Ismaily,None,201,None
WC-2026-269,7,Pyramids,1,2016,2019
WC-2026-269,80,Tala'ea El Gaish,1,2019,2022
WC-2026-269,27,Modern Future,1,2022,2023
WC-2026-269,71,Pyramids,0,2023,None
WC-2026-270,132,Zamalek,4,2016,None
WC-2026-270,50,→ENPPI(loan),10,2016,2017
WC-2026-270,33,→Smouha(loan),0,2019,2020
WC-2026-271,31,Ala'ab Damanhour,3,2014,2015
WC-2026-271,51,Enppi,6,2015,2018
WC-2026-271,27,→Petrojet(loan),2,2016,2017
WC-2026-271,89,Al Ahly,7,2019,2023
WC-2026-271,49,Al-Wakrah,5,2023,None
WC-2026-271,0,→Al Ahly(loan),0,2025,None
WC-2026-272,None,Mansoura,None,2011,2013
WC-2026-272,10,Zamalek,1,2013,2015
WC-2026-272,18,→Smouha(loan)[4],0,2014,2015
WC-2026-272,80,Smouha,1,2015,2018
WC-2026-272,83,Al Ahly,3,2019,None
WC-2026-273,224,Al Ahly,5,2014,None
WC-2026-274,16,Wadi Degla,2,2016,2017
WC-2026-274,36,VfL Wolfsburg II,11,2017,2020
WC-2026-274,41,VfL Wolfsburg,5,2020,2023
WC-2026-274,21,→FC St. Pauli(loan),7,2021,None
WC-2026-274,21,→VfB Stuttgart(loan),3,2021,2022
WC-2026-274,46,Eintracht Frankfurt,27,2023,2025
WC-2026-274,37,Manchester City,10,2025,None
